{"epoch": 59, "train loss": 0.014439300997335402, "_timestamp": 1685745587.185314, "_runtime": 85915.87922596931, "_step": 179, "test loss": 0.014439300997335402, "best loss": 0.012054805546143993}