{"epoch": 2, "train loss": 0.03971600827196094, "_timestamp": 1685651184.7491221, "_runtime": 3636.6224970817566, "_step": 4, "test loss": 0.5159869309362085, "best loss": 0.5159869309362085, "_wandb": {"runtime": 3986}}